# This is a csv file defining the trajectory of a youBot in the csvplayer.,,,,,,,,,,,
"# Each column corresponds to a joint angle/length, except the last (13th) column, which corresponds to the gripper states.",,,,,,,,,,,
"# Joint order: phi, x, y, Joint1, Joint2, Joint3, Joint4, Joint5, front left wheel, front right wheel, rear right wheel, rear left wheel, gripper states.",,,,,,,,,,,
# Each row corresponds to a timestep.,,,,,,,,,,,
0,-0.526,0,0,-0.785,0.785,-1.571,0,0,0,0,0
-3.9656E-021,-0.526,3.4726E-022,-3.0362E-020,-0.7849,0.78488,-1.571,-9.7571E-023,0.000012007,0.000012007,0.000012007,0.000012007
-3.8755E-021,-0.526,-6.2489E-021,-1.5722E-019,-0.78487,0.78473,-1.5708,-1.4691E-020,0.000040229,0.000040229,0.000040229,0.000040229
-1.8137E-020,-0.526,-2.2773E-021,-3.7391E-019,-0.78492,0.78454,-1.5705,-1.5852E-020,0.000084611,0.000084611,0.000084611,0.000084611
-3.5416E-020,-0.52599,-2.4533E-020,-7.284E-019,-0.78505,0.78433,-1.57,-2.2209E-020,0.00014511,0.00014511,0.00014511,0.00014511
-5.6026E-020,-0.52599,-2.3747E-020,-1.2299E-018,-0.78526,0.78407,-1.5694,-1.2165E-020,0.00022172,0.00022172,0.00022172,0.00022172
-6.0696E-020,-0.52599,-1.5994E-020,-1.1868E-018,-0.78554,0.78378,-1.5686,-1.7711E-020,0.00031445,0.00031445,0.00031445,0.00031445
-8.9842E-020,-0.52598,-2.7959E-020,-2.353E-018,-0.7859,0.78346,-1.5677,2.5558E-020,0.00042331,0.00042331,0.00042331,0.00042331
-1.2704E-019,-0.52597,-5.096E-020,-3.2025E-018,-0.78633,0.7831,-1.5667,3.0653E-020,0.00054836,0.00054836,0.00054836,0.00054836
-1.8176E-019,-0.52597,-7.7472E-020,-4.2994E-018,-0.78684,0.7827,-1.5655,1.2786E-020,0.00068967,0.00068967,0.00068967,0.00068967
-2.2845E-019,-0.52596,-1.0366E-019,-5.9634E-018,-0.78742,0.78227,-1.5641,2.3015E-020,0.00084733,0.00084733,0.00084733,0.00084733
-2.6618E-019,-0.52595,-1.0149E-019,-4.023E-018,-0.78807,0.7818,-1.5626,-4.4192E-021,0.0010214,0.0010214,0.0010214,0.0010214
-2.9704E-019,-0.52594,-1.333E-019,-6.127E-018,-0.78879,0.78129,-1.561,6.4188E-021,0.0012122,0.0012122,0.0012122,0.0012122
-3.422E-019,-0.52593,-1.5569E-019,-5.9931E-018,-0.78959,0.78074,-1.5592,1.3141E-018,0.0014196,0.0014196,0.0014196,0.0014196
-3.4132E-019,-0.52592,-1.155E-019,-6.0102E-018,-0.79045,0.78015,-1.5572,-8.5321E-019,0.001644,0.001644,0.001644,0.001644
-3.259E-019,-0.52591,-1.1489E-019,-6.0092E-018,-0.79138,0.77952,-1.5551,-8.115E-019,0.0018854,0.0018854,0.0018854,0.0018854
-3.4376E-019,-0.5259,-8.7579E-020,-5.9241E-018,-0.79238,0.77884,-1.5529,-8.0062E-019,0.0021443,0.0021443,0.0021443,0.0021443
-3.8456E-019,-0.52589,-1.5236E-019,-5.7784E-018,-0.79344,0.77812,-1.5505,-1.4941E-018,0.0024206,0.0024206,0.0024206,0.0024206
-4.4595E-019,-0.52587,-1.6299E-019,-5.6205E-018,-0.79457,0.77734,-1.548,-1.5122E-018,0.0027149,0.0027149,0.0027149,0.0027149
-4.1562E-019,-0.52586,-1.2516E-019,-5.5152E-018,-0.79576,0.77652,-1.5453,-1.528E-018,0.0030272,0.0030272,0.0030272,0.0030272
-5.0327E-019,-0.52584,-2.0509E-019,-5.3092E-018,-0.79702,0.77565,-1.5425,-1.4763E-018,0.003358,0.003358,0.003358,0.003358
-4.6929E-019,-0.52582,-1.3564E-019,-5.3487E-018,-0.79833,0.77473,-1.5395,-8.779E-019,0.0037075,0.0037075,0.0037075,0.0037075
-3.0715E-019,-0.52581,-3.1514E-020,-5.5976E-018,-0.79971,0.77374,-1.5364,-2.3935E-019,0.0040762,0.0040762,0.0040762,0.0040762
-4.0256E-019,-0.52579,-9.8925E-020,-5.3686E-018,-0.80114,0.7727,-1.5331,-1.7858E-019,0.0044644,0.0044644,0.0044644,0.0044644
-3.9183E-019,-0.52577,-1.2782E-019,-5.3264E-018,-0.80262,0.7716,-1.5297,-2.0465E-019,0.0048725,0.0048725,0.0048725,0.0048725
1.5061E-019,-0.52575,4.2803E-019,-6.0551E-018,-0.80416,0.77044,-1.5261,-2.2587E-019,0.005301,0.005301,0.005301,0.005301
6.5257E-020,-0.52573,3.0619E-019,-5.7562E-018,-0.80575,0.76921,-1.5224,-2.1849E-019,0.0057504,0.0057504,0.0057504,0.0057504
-1.2513E-019,-0.5257,1.4701E-019,-5.3165E-018,-0.80739,0.76792,-1.5185,8.1113E-019,0.0062211,0.0062211,0.0062211,0.0062211
-5.6775E-020,-0.52568,1.0423E-019,-5.4708E-018,-0.80908,0.76655,-1.5145,3.6507E-018,0.0067136,0.0067136,0.0067136,0.0067136
-9.7398E-020,-0.52566,6.3922E-020,-5.4489E-018,-0.81082,0.76511,-1.5103,4.3801E-018,0.0072286,0.0072286,0.0072286,0.0072286
-8.5329E-020,-0.52563,1.1669E-019,-5.5972E-018,-0.8126,0.76359,-1.506,4.3663E-018,0.0077667,0.0077667,0.0077667,0.0077667
-3.3935E-019,-0.5256,-7.679E-020,-4.9358E-018,-0.81443,0.76199,-1.5015,4.5493E-018,0.0083284,0.0083284,0.0083284,0.0083284
-3.6141E-019,-0.52558,-9.1593E-020,-4.7804E-018,-0.81629,0.76031,-1.4968,4.4963E-018,0.0089144,0.0089144,0.0089144,0.0089144
-5.1069E-019,-0.52555,-1.2565E-019,-4.3049E-018,-0.81819,0.75854,-1.492,3.0924E-018,0.0095255,0.0095255,0.0095255,0.0095255
-5.9914E-019,-0.52552,-2.6214E-019,-4.2755E-018,-0.82013,0.75668,-1.487,7.982E-018,0.010162,0.010162,0.010162,0.010162
-5.6853E-019,-0.52549,-4.3511E-019,-3.9385E-018,-0.8221,0.75473,-1.4819,7.9987E-018,0.010826,0.010826,0.010826,0.010826
-6.3123E-019,-0.52545,-4.0259E-019,-3.606E-018,-0.82411,0.75268,-1.4766,7.8169E-018,0.011517,0.011517,0.011517,0.011517
-4.9061E-019,-0.52542,-4.3053E-019,-3.7506E-018,-0.82614,0.75053,-1.4712,7.6692E-018,0.012236,0.012236,0.012236,0.012236
-4.2326E-019,-0.52538,-3.3781E-019,-3.4774E-018,-0.8282,0.74828,-1.4655,5.7319E-018,0.012984,0.012984,0.012984,0.012984
-6.0806E-019,-0.52535,-5.0438E-019,-3.0311E-018,-0.83028,0.74591,-1.4598,5.567E-018,0.013763,0.013763,0.013763,0.013763
-6.4929E-019,-0.52531,-5.0321E-019,-2.7544E-018,-0.83238,0.74343,-1.4538,5.512E-018,0.014573,0.014573,0.014573,0.014573
-4.1246E-019,-0.52527,-3.2808E-019,-3.184E-018,-0.83451,0.74084,-1.4477,5.5509E-018,0.015415,0.015415,0.015415,0.015415
-4.9998E-019,-0.52523,-5.6052E-019,-3.0734E-018,-0.83664,0.73812,-1.4414,7.4642E-018,0.016291,0.016291,0.016291,0.016291
-7.2311E-019,-0.52518,-5.0768E-019,-2.4651E-018,-0.83879,0.73527,-1.4349,7.5074E-018,0.017202,0.017202,0.017202,0.017202
-8.0217E-019,-0.52514,-5.637E-019,-2.2262E-018,-0.84095,0.73229,-1.4283,7.4898E-018,0.018149,0.018149,0.018149,0.018149
-9.0291E-019,-0.52509,-7.0385E-019,-1.2752E-018,-0.84311,0.72918,-1.4215,2.8547E-018,0.019133,0.019133,0.019133,0.019133
-1.0873E-018,-0.52504,-6.498E-019,-5.895E-019,-0.84528,0.72592,-1.4145,2.667E-018,0.020157,0.020157,0.020157,0.020157
-1.1133E-018,-0.52499,-7.341E-019,-2.2434E-019,-0.84745,0.72252,-1.4074,2.7138E-018,0.02122,0.02122,0.02122,0.02122
-1.4805E-018,-0.52494,-8.2283E-019,2.8374E-019,-0.84961,0.71897,-1.4,2.7505E-018,0.022327,0.022327,0.022327,0.022327
-1.786E-018,-0.52488,-1.0629E-018,1.0915E-018,-0.85177,0.71526,-1.3925,2.7253E-018,0.023477,0.023477,0.023477,0.023477
-1.831E-018,-0.52483,-1.021E-018,1.3328E-018,-0.85392,0.71138,-1.3848,2.869E-018,0.024672,0.024672,0.024672,0.024672
-2.0664E-018,-0.52477,-1.0234E-018,2.0569E-018,-0.85605,0.70734,-1.3769,3.0278E-018,0.025916,0.025916,0.025916,0.025916
-2.1652E-018,-0.52471,-1.1901E-018,2.2141E-018,-0.85817,0.70312,-1.3688,3.0889E-018,0.02721,0.02721,0.02721,0.02721
-2.1876E-018,-0.52464,-1.0406E-018,2.184E-018,-0.86026,0.69872,-1.3606,3.1056E-018,0.028556,0.028556,0.028556,0.028556
-2.5432E-018,-0.52458,-1.1136E-018,3.3329E-018,-0.86232,0.69413,-1.3521,-1.0755E-020,0.029956,0.029956,0.029956,0.029956
-3.1232E-018,-0.52451,-1.2912E-018,4.5386E-018,-0.86436,0.68934,-1.3435,1.5619E-018,0.031414,0.031414,0.031414,0.031414
-3.1613E-018,-0.52444,-1.1917E-018,4.6409E-018,-0.86636,0.68436,-1.3346,1.6894E-018,0.032931,0.032931,0.032931,0.032931
-3.3824E-018,-0.52436,-1.2197E-018,3.7695E-018,-0.86832,0.67916,-1.3256,1.0126E-017,0.034512,0.034512,0.034512,0.034512
-3.1124E-018,-0.52428,-1.0371E-018,2.1981E-018,-0.87024,0.67375,-1.3163,1.8265E-017,0.036159,0.036159,0.036159,0.036159
-3.3719E-018,-0.5242,-1.2146E-018,3.6967E-018,-0.8721,0.66812,-1.3069,1.8342E-017,0.037875,0.037875,0.037875,0.037875
-3.4919E-018,-0.52412,-1.2191E-018,4.1745E-018,-0.87392,0.66225,-1.2972,1.8573E-017,0.039664,0.039664,0.039664,0.039664
-3.7891E-018,-0.52403,-1.0499E-018,4.5435E-018,-0.87567,0.65614,-1.2874,1.8719E-017,0.04153,0.04153,0.04153,0.04153
-3.9127E-018,-0.52393,-9.3944E-019,7.2716E-018,-0.87736,0.64978,-1.2773,8.7301E-018,0.043478,0.043478,0.043478,0.043478
-4.5291E-018,-0.52384,-1.486E-018,8.7752E-018,-0.87898,0.64317,-1.267,9.6223E-018,0.045512,0.045512,0.045512,0.045512
-5.0195E-018,-0.52374,-1.6265E-018,1.0066E-017,-0.88052,0.63628,-1.2565,9.6639E-018,0.047636,0.047636,0.047636,0.047636
-4.4432E-018,-0.52363,-1.55E-018,9.8193E-018,-0.88198,0.62912,-1.2458,9.5927E-018,0.049857,0.049857,0.049857,0.049857
-4.6819E-018,-0.52352,-1.4603E-018,1.1702E-017,-0.88335,0.62168,-1.2348,4.8504E-018,0.05218,0.05218,0.05218,0.05218
-4.5497E-018,-0.52341,-1.4626E-018,1.2435E-017,-0.88463,0.61393,-1.2236,5.2413E-018,0.054611,0.054611,0.054611,0.054611
-5.0313E-018,-0.52329,-1.752E-018,1.3278E-017,-0.8858,0.60587,-1.2122,5.3281E-018,0.057158,0.057158,0.057158,0.057158
-5.4909E-018,-0.52316,-2.3008E-018,1.511E-017,-0.88686,0.5975,-1.2005,5.2818E-018,0.059827,0.059827,0.059827,0.059827
-6.5172E-018,-0.52303,-2.4734E-018,1.6455E-017,-0.8878,0.58878,-1.1886,5.5088E-018,0.062628,0.062628,0.062628,0.062628
-7.0913E-018,-0.52289,-2.359E-018,1.7825E-017,-0.88862,0.57973,-1.1764,5.7474E-018,0.065569,0.065569,0.065569,0.065569
-7.1877E-018,-0.52274,-2.1756E-018,1.7792E-017,-0.88931,0.57031,-1.164,5.9377E-018,0.068661,0.068661,0.068661,0.068661
-8.2401E-018,-0.52258,-2.1532E-018,1.9662E-017,-0.88985,0.56052,-1.1513,6.0073E-018,0.071914,0.071914,0.071914,0.071914
-9.4647E-018,-0.52242,-2.3091E-018,2.1154E-017,-0.89024,0.55035,-1.1384,1.2349E-017,0.075341,0.075341,0.075341,0.075341
-1.0968E-017,-0.52225,-2.6111E-018,2.4625E-017,-0.89047,0.53977,-1.1252,1.2653E-017,0.078954,0.078954,0.078954,0.078954
-1.1784E-017,-0.52207,-3.109E-018,2.7599E-017,-0.89052,0.52877,-1.1118,1.2604E-017,0.08277,0.08277,0.08277,0.08277
-1.3376E-017,-0.52188,-3.4622E-018,3.1287E-017,-0.89039,0.51734,-1.098,1.2853E-017,0.086804,0.086804,0.086804,0.086804
-1.3948E-017,-0.52167,-3.1392E-018,3.5943E-017,-0.89007,0.50546,-1.084,1.9213E-018,0.091076,0.091076,0.091076,0.091076
-1.4132E-017,-0.52146,-3.0729E-018,3.8576E-017,-0.88955,0.4931,-1.0696,-4.1523E-018,0.095607,0.095607,0.095607,0.095607
-1.4661E-017,-0.52123,-3.8463E-018,4.1629E-017,-0.8888,0.48026,-1.055,-3.9575E-018,0.10042,0.10042,0.10042,0.10042
-1.5755E-017,-0.52099,-4.4786E-018,4.5704E-017,-0.88783,0.46692,-1.0401,-4.2434E-018,0.10554,0.10554,0.10554,0.10554
-1.6614E-017,-0.52073,-4.809E-018,4.881E-017,-0.88661,0.45305,-1.0249,-3.971E-018,0.111,0.111,0.111,0.111
-1.7136E-017,-0.52045,-4.987E-018,5.0077E-017,-0.88514,0.43864,-1.0094,-3.6323E-018,0.11683,0.11683,0.11683,0.11683
-1.9409E-017,-0.52015,-5.3427E-018,5.5341E-017,-0.8834,0.42367,-0.9935,-5.7938E-018,0.12307,0.12307,0.12307,0.12307
-1.9993E-017,-0.51984,-5.0495E-018,5.649E-017,-0.88138,0.40813,-0.97734,-5.3002E-018,0.12977,0.12977,0.12977,0.12977
-2.1643E-017,-0.51949,-5.8867E-018,6.1821E-017,-0.87906,0.39201,-0.96086,-5.3934E-018,0.13697,0.13697,0.13697,0.13697
-2.4566E-017,-0.51913,-6.2114E-018,6.79E-017,-0.87643,0.37529,-0.94407,-5.5648E-018,0.14472,0.14472,0.14472,0.14472
-2.6854E-017,-0.51873,-6.4191E-018,7.2251E-017,-0.87349,0.35797,-0.92697,-5.5517E-018,0.1531,0.1531,0.1531,0.1531
-3.0444E-017,-0.5183,-7.8075E-018,8.1413E-017,-0.87023,0.34006,-0.90957,-5.627E-018,0.16218,0.16218,0.16218,0.16218
-3.1E-017,-0.51783,-7.8447E-018,8.3321E-017,-0.86664,0.32158,-0.89191,-5.7506E-018,0.17203,0.17203,0.17203,0.17203
-3.1209E-017,-0.51732,-7.1151E-018,8.3921E-017,-0.86274,0.30255,-0.87399,-5.497E-018,0.18275,0.18275,0.18275,0.18275
-3.2135E-017,-0.51676,-6.6944E-018,8.6121E-017,-0.85852,0.28303,-0.85586,-5.1893E-018,0.19444,0.19444,0.19444,0.19444
-3.2521E-017,-0.51616,-9.598E-018,9.0406E-017,-0.85402,0.2631,-0.83758,1.2663E-018,0.20719,0.20719,0.20719,0.20719
-3.6488E-017,-0.5155,-1.0431E-017,9.8779E-017,-0.84928,0.24286,-0.81922,1.9174E-018,0.22114,0.22114,0.22114,0.22114
-3.852E-017,-0.51477,-1.0352E-017,1.0406E-016,-0.84435,0.22246,-0.80087,-3.1694E-018,0.23638,0.23638,0.23638,0.23638
-4.2414E-017,-0.51398,-1.1301E-017,1.193E-016,-0.83931,0.20211,-0.78264,-1.6278E-017,0.25302,0.25302,0.25302,0.25302
-4.3715E-017,-0.51312,-1.2761E-017,1.24E-016,-0.83425,0.18201,-0.76466,-1.208E-017,0.27114,0.27114,0.27114,0.27114
-4.9676E-017,-0.51219,-1.526E-017,1.4097E-016,-0.8293,0.16245,-0.74709,-1.2253E-017,0.29081,0.29081,0.29081,0.29081
-5.4541E-017,-0.51118,-1.9071E-017,1.5712E-016,-0.82459,0.1437,-0.73006,-1.4866E-017,0.31203,0.31203,0.31203,0.31203
-5.9207E-017,-0.5101,-2.0097E-017,1.6566E-016,-0.82025,0.12603,-0.71373,-9.4526E-018,0.33478,0.33478,0.33478,0.33478
-6.0113E-017,-0.50895,-2.1224E-017,1.7543E-016,-0.8164,0.10967,-0.6982,-9.4484E-018,0.35898,0.35898,0.35898,0.35898
-6.6194E-017,-0.50774,-2.2674E-017,1.8802E-016,-0.81313,0.094803,-0.68355,-8.1333E-018,0.38451,0.38451,0.38451,0.38451
-7.1739E-017,-0.50647,-2.6346E-017,2.1306E-016,-0.8105,0.081514,-0.66981,-1.8023E-017,0.41123,0.41123,0.41123,0.41123
-7.7051E-017,-0.50515,-3.029E-017,2.372E-016,-0.80855,0.069818,-0.65697,-3.1725E-017,0.43899,0.43899,0.43899,0.43899
-8.2917E-017,-0.50379,-3.5065E-017,2.6271E-016,-0.80725,0.059661,-0.64499,-4.3246E-017,0.46765,0.46765,0.46765,0.46765
-8.8471E-017,-0.50239,-3.6398E-017,2.7864E-016,-0.80659,0.050938,-0.63379,-4.3023E-017,0.49708,0.49708,0.49708,0.49708
-9.8823E-017,-0.50096,-3.6584E-017,3.0007E-016,-0.8065,0.043516,-0.6233,-4.2481E-017,0.52718,0.52718,0.52718,0.52718
-1.0539E-016,-0.4995,-4.16E-017,3.2386E-016,-0.80694,0.037247,-0.61341,-4.1842E-017,0.55786,0.55786,0.55786,0.55786
-1.0811E-016,-0.49802,-4.0767E-017,3.3031E-016,-0.80783,0.031984,-0.60405,-4.1205E-017,0.58906,0.58906,0.58906,0.58906
-1.0784E-016,-0.49651,-4.2574E-017,3.3977E-016,-0.80912,0.027587,-0.59514,-4.0951E-017,0.62074,0.62074,0.62074,0.62074
-1.1331E-016,-0.49499,-4.4391E-017,3.5446E-016,-0.81075,0.023927,-0.58659,-4.0629E-017,0.65286,0.65286,0.65286,0.65286
-1.1901E-016,-0.49344,-4.3526E-017,3.6338E-016,-0.81268,0.020892,-0.57836,-4.0181E-017,0.6854,0.6854,0.6854,0.6854
-1.1899E-016,-0.49188,-4.3488E-017,3.681E-016,-0.81486,0.018381,-0.57039,-3.9593E-017,0.71833,0.71833,0.71833,0.71833
-1.2121E-016,-0.4903,-3.9265E-017,3.6545E-016,-0.81724,0.01631,-0.56263,-3.9344E-017,0.75165,0.75165,0.75165,0.75165
-1.3284E-016,-0.4887,-4.4328E-017,3.9507E-016,-0.8198,0.014605,-0.55503,-4.6884E-017,0.78535,0.78535,0.78535,0.78535
-1.3671E-016,-0.48708,-4.332E-017,4.0351E-016,-0.82251,0.013203,-0.54757,-4.6697E-017,0.81942,0.81942,0.81942,0.81942
-1.4151E-016,-0.48544,-4.2267E-017,4.1201E-016,-0.82534,0.012054,-0.54022,-4.6387E-017,0.85386,0.85386,0.85386,0.85386
-1.4505E-016,-0.48379,-4.4506E-017,4.2708E-016,-0.82828,0.011113,-0.53295,-4.5872E-017,0.88867,0.88867,0.88867,0.88867
-1.5328E-016,-0.48212,-4.5809E-017,4.4859E-016,-0.8313,0.010343,-0.52575,-4.5589E-017,0.92384,0.92384,0.92384,0.92384
-1.5068E-016,-0.48043,-4.8541E-017,4.5085E-016,-0.83439,0.0097146,-0.51859,-3.1117E-017,0.95937,0.95937,0.95937,0.95937
-1.5728E-016,-0.47872,-4.9301E-017,4.7253E-016,-0.83755,0.0092015,-0.51147,-3.0813E-017,0.99527,0.99527,0.99527,0.99527
-1.6381E-016,-0.477,-5.1454E-017,4.8835E-016,-0.84075,0.0087832,-0.50438,-1.8568E-017,1.0315,1.0315,1.0315,1.0315
-1.669E-016,-0.47526,-5.3472E-017,5.0632E-016,-0.844,0.0084423,-0.4973,-1.7692E-017,1.0681,1.0681,1.0681,1.0681
-1.7323E-016,-0.47351,-5.5242E-017,5.2422E-016,-0.84728,0.0081644,-0.49024,-1.7742E-017,1.1051,1.1051,1.1051,1.1051
-1.8038E-016,-0.47173,-5.6044E-017,5.4191E-016,-0.8506,0.007938,-0.48317,-1.0922E-017,1.1425,1.1425,1.1425,1.1425
-1.9164E-016,-0.46994,-5.6275E-017,5.6648E-016,-0.85393,0.0077533,-0.4761,-9.8199E-018,1.1802,1.1802,1.1802,1.1802
-1.9831E-016,-0.46813,-5.7988E-017,5.8759E-016,-0.85729,0.0076024,-0.46903,-9.1356E-018,1.2182,1.2182,1.2182,1.2182
-2.0281E-016,-0.46631,-6.1486E-017,6.0266E-016,-0.86066,0.007479,-0.46195,-1.0032E-018,1.2566,1.2566,1.2566,1.2566
-2.097E-016,-0.46447,-6.2709E-017,6.2585E-016,-0.86405,0.0073777,-0.45486,-5.8421E-019,1.2954,1.2954,1.2954,1.2954
-2.2236E-016,-0.46261,-6.4359E-017,6.5382E-016,-0.86746,0.0072942,-0.44775,-2.6642E-019,1.3346,1.3346,1.3346,1.3346
-2.2427E-016,-0.46073,-6.7561E-017,6.7146E-016,-0.87087,0.0072251,-0.44063,3.5609E-019,1.3741,1.3741,1.3741,1.3741
-2.3212E-016,-0.45884,-6.6159E-017,6.8596E-016,-0.87429,0.0071676,-0.43349,1.346E-018,1.4139,1.4139,1.4139,1.4139
-2.3462E-016,-0.45693,-6.9222E-017,7.0326E-016,-0.87772,0.0071194,-0.42634,3.0831E-018,1.4542,1.4542,1.4542,1.4542
-2.4786E-016,-0.455,-7.3272E-017,7.4194E-016,-0.88116,0.0070786,-0.41917,-4.3797E-018,1.4947,1.4947,1.4947,1.4947
-2.5471E-016,-0.45306,-7.8719E-017,7.7673E-016,-0.8846,0.0070438,-0.41198,-1.2387E-017,1.5357,1.5357,1.5357,1.5357
-2.5227E-016,-0.45109,-8.2277E-017,7.9308E-016,-0.88805,0.0070137,-0.40478,-1.0465E-017,1.577,1.577,1.577,1.577
-2.5613E-016,-0.44911,-8.7847E-017,8.2244E-016,-0.89151,0.0069874,-0.39756,-1.8465E-017,1.6186,1.6186,1.6186,1.6186
-2.6576E-016,-0.44712,-8.9374E-017,8.5085E-016,-0.89496,0.0069641,-0.39032,-1.7594E-017,1.6607,1.6607,1.6607,1.6607
-2.7091E-016,-0.44511,-8.9667E-017,8.7151E-016,-0.89842,0.0069433,-0.38306,-1.6486E-017,1.703,1.703,1.703,1.703
-2.8103E-016,-0.44308,-9.2279E-017,8.9025E-016,-0.90189,0.0069244,-0.37578,-2.4325E-017,1.7458,1.7458,1.7458,1.7458
-2.8425E-016,-0.44103,-9.4017E-017,9.2291E-016,-0.90535,0.006907,-0.36849,-1.6626E-017,1.7889,1.7889,1.7889,1.7889
-2.8617E-016,-0.43896,-9.4909E-017,9.3367E-016,-0.90882,0.0068908,-0.36117,-2.2809E-017,1.8323,1.8323,1.8323,1.8323
-2.9145E-016,-0.43688,-9.5198E-017,9.5929E-016,-0.91229,0.0068755,-0.35385,-2.1911E-017,1.8762,1.8762,1.8762,1.8762
-3.0295E-016,-0.43478,-9.6639E-017,9.8859E-016,-0.91576,0.0068611,-0.3465,-1.8336E-017,1.9203,1.9203,1.9203,1.9203
-3.0999E-016,-0.43267,-9.8992E-017,1.0167E-015,-0.91923,0.0068472,-0.33914,-1.7255E-017,1.9648,1.9648,1.9648,1.9648
-3.1573E-016,-0.43054,-9.9982E-017,1.0471E-015,-0.92271,0.0068338,-0.33176,-1.3093E-017,2.0097,2.0097,2.0097,2.0097
-3.2357E-016,-0.42839,-1.1061E-016,1.0962E-015,-0.92618,0.0068209,-0.32437,-2.1888E-017,2.055,2.055,2.055,2.055
-3.2342E-016,-0.42622,-1.0723E-016,1.1109E-015,-0.92965,0.0068082,-0.31696,-1.7246E-017,2.1006,2.1006,2.1006,2.1006
-3.2197E-016,-0.42404,-1.0609E-016,1.1306E-015,-0.93313,0.0067958,-0.30953,-7.2485E-018,2.1465,2.1465,2.1465,2.1465
-3.3432E-016,-0.42184,-1.1198E-016,1.177E-015,-0.9366,0.0067836,-0.30209,-1.2867E-017,2.1928,2.1928,2.1928,2.1928
-3.346E-016,-0.41963,-1.1536E-016,1.1905E-015,-0.94008,0.0067716,-0.29464,-1.9E-017,2.2395,2.2395,2.2395,2.2395
-3.392E-016,-0.41739,-1.1048E-016,1.217E-015,-0.94355,0.0067597,-0.28717,-1.0414E-017,2.2865,2.2865,2.2865,2.2865
-3.3917E-016,-0.41514,-1.0866E-016,1.2262E-015,-0.94702,0.0067479,-0.27968,-5.7715E-018,2.3338,2.3338,2.3338,2.3338
-3.4147E-016,-0.41288,-1.0737E-016,1.2291E-015,-0.9505,0.0067362,-0.27219,-9.8603E-018,2.3816,2.3816,2.3816,2.3816
-3.4353E-016,-0.41059,-1.1003E-016,1.2531E-015,-0.95397,0.0067246,-0.26468,-8.339E-018,2.4296,2.4296,2.4296,2.4296
-3.475E-016,-0.40829,-1.1324E-016,1.2678E-015,-0.95744,0.0067131,-0.25715,-1.688E-017,2.478,2.478,2.478,2.478
-3.5349E-016,-0.40598,-1.1537E-016,1.3026E-015,-0.9609,0.0067016,-0.24962,-9.4262E-018,2.5268,2.5268,2.5268,2.5268
-3.5327E-016,-0.40365,-1.1343E-016,1.319E-015,-0.96437,0.0066902,-0.24207,-1.4202E-017,2.5759,2.5759,2.5759,2.5759
-3.5818E-016,-0.4013,-1.1598E-016,1.3466E-015,-0.96784,0.0066789,-0.23451,-1.2702E-017,2.6253,2.6253,2.6253,2.6253
-3.6537E-016,-0.39893,-1.2253E-016,1.3904E-015,-0.9713,0.0066676,-0.22694,-2.2331E-017,2.6751,2.6751,2.6751,2.6751
-3.6535E-016,-0.39655,-1.2041E-016,1.4136E-015,-0.97476,0.0066563,-0.21936,-1.3212E-017,2.7253,2.7253,2.7253,2.7253
-3.7057E-016,-0.39415,-1.2804E-016,1.4521E-015,-0.97822,0.0066451,-0.21176,-2.2656E-017,2.7758,2.7758,2.7758,2.7758
-3.7853E-016,-0.39174,-1.3009E-016,1.4835E-015,-0.98167,0.0066339,-0.20416,-3.1806E-017,2.8266,2.8266,2.8266,2.8266
-3.8886E-016,-0.38931,-1.3249E-016,1.5134E-015,-0.98512,0.0066228,-0.19654,-3.0325E-017,2.8778,2.8778,2.8778,2.8778
-3.9573E-016,-0.38686,-1.393E-016,1.5429E-015,-0.98857,0.0066117,-0.18892,-4.7098E-017,2.9293,2.9293,2.9293,2.9293
-4.038E-016,-0.3844,-1.4609E-016,1.5847E-015,-0.99202,0.0066006,-0.18129,-5.8727E-017,2.9811,2.9811,2.9811,2.9811
-4.1036E-016,-0.38192,-1.5301E-016,1.6417E-015,-0.99546,0.0065896,-0.17364,-5.8321E-017,3.0333,3.0333,3.0333,3.0333
-4.1251E-016,-0.37942,-1.5525E-016,1.6561E-015,-0.9989,0.0065786,-0.16599,-6.353E-017,3.0859,3.0859,3.0859,3.0859
-4.1908E-016,-0.37691,-1.6176E-016,1.6985E-015,-1.0023,0.0065677,-0.15833,-7.3726E-017,3.1387,3.1387,3.1387,3.1387
-4.24E-016,-0.37438,-1.6429E-016,1.7117E-015,-1.0058,0.0065567,-0.15066,-9.6151E-017,3.1919,3.1919,3.1919,3.1919
-4.3129E-016,-0.37184,-1.6995E-016,1.7547E-015,-1.0092,0.0065458,-0.14298,-1.0612E-016,3.2455,3.2455,3.2455,3.2455
-4.3285E-016,-0.36928,-1.7167E-016,1.7891E-015,-1.0126,0.006535,-0.1353,-9.7302E-017,3.2993,3.2993,3.2993,3.2993
-4.3301E-016,-0.36671,-1.7406E-016,1.8217E-015,-1.016,0.0065241,-0.12761,-1.0814E-016,3.3535,3.3535,3.3535,3.3535
-4.324E-016,-0.36412,-1.7654E-016,1.8496E-015,-1.0195,0.0065133,-0.11991,-1.0677E-016,3.408,3.408,3.408,3.408
-4.335E-016,-0.36151,-1.7784E-016,1.8758E-015,-1.0229,0.0065026,-0.1122,-1.1537E-016,3.4629,3.4629,3.4629,3.4629
-4.4438E-016,-0.35889,-1.8618E-016,1.9258E-015,-1.0263,0.0064918,-0.10449,-1.2575E-016,3.5181,3.5181,3.5181,3.5181
-4.4409E-016,-0.35625,-1.8695E-016,1.9355E-015,-1.0297,0.0064811,-0.096775,-1.3449E-016,3.5736,3.5736,3.5736,3.5736
-4.4007E-016,-0.3536,-1.8416E-016,1.9345E-015,-1.0331,0.0064704,-0.089051,-1.3717E-016,3.6294,3.6294,3.6294,3.6294
-4.336E-016,-0.35094,-1.8001E-016,1.9497E-015,-1.0364,0.0064598,-0.081322,-1.2621E-016,3.6856,3.6856,3.6856,3.6856
-4.383E-016,-0.34825,-1.8285E-016,1.9741E-015,-1.0398,0.0064492,-0.073589,-1.4341E-016,3.742,3.742,3.742,3.742
-4.3979E-016,-0.34556,-1.8407E-016,2.0053E-015,-1.0432,0.0064386,-0.06585,-1.3904E-016,3.7988,3.7988,3.7988,3.7988
-4.5451E-016,-0.34284,-1.9532E-016,2.071E-015,-1.0466,0.006428,-0.058107,-1.4911E-016,3.8559,3.8559,3.8559,3.8559
-4.5444E-016,-0.34012,-1.972E-016,2.0995E-015,-1.0499,0.0064175,-0.05036,-1.596E-016,3.9133,3.9133,3.9133,3.9133
-4.5631E-016,-0.33737,-1.9786E-016,2.1396E-015,-1.0533,0.006407,-0.04261,-1.6378E-016,3.9711,3.9711,3.9711,3.9711
-4.5158E-016,-0.33462,-1.9511E-016,2.1417E-015,-1.0567,0.0063965,-0.034855,-1.6673E-016,4.0291,4.0291,4.0291,4.0291
-4.4884E-016,-0.33184,-1.9299E-016,2.1444E-015,-1.06,0.006386,-0.027098,-1.6967E-016,4.0875,4.0875,4.0875,4.0875
-4.4705E-016,-0.32906,-1.9347E-016,2.1669E-015,-1.0633,0.0063756,-0.019338,-1.8383E-016,4.1462,4.1462,4.1462,4.1462
-4.5491E-016,-0.32626,-2.0201E-016,2.202E-015,-1.0667,0.0063652,-0.011575,-2.0137E-016,4.2051,4.2051,4.2051,4.2051
-4.5311E-016,-0.32344,-1.9996E-016,2.2188E-015,-1.07,0.0063549,-0.0038099,-1.9236E-016,4.2644,4.2644,4.2644,4.2644
-4.4805E-016,-0.32061,-1.9726E-016,2.2418E-015,-1.0733,0.0063446,0.0039571,-1.7678E-016,4.324,4.324,4.324,4.324
-4.5641E-016,-0.31777,-2.0614E-016,2.2907E-015,-1.0766,0.0063342,0.011726,-1.8534E-016,4.3839,4.3839,4.3839,4.3839
-4.6201E-016,-0.31491,-2.1296E-016,2.338E-015,-1.0799,0.006324,0.019496,-1.9387E-016,4.4441,4.4441,4.4441,4.4441
-4.6536E-016,-0.31203,-2.1635E-016,2.3592E-015,-1.0832,0.0063137,0.027266,-1.9629E-016,4.5045,4.5045,4.5045,4.5045
-4.6012E-016,-0.30915,-2.1218E-016,2.3622E-015,-1.0865,0.0063035,0.035038,-1.986E-016,4.5653,4.5653,4.5653,4.5653
-4.6205E-016,-0.30625,-2.1513E-016,2.4006E-015,-1.0898,0.0062933,0.04281,-2.0259E-016,4.6264,4.6264,4.6264,4.6264
-4.6352E-016,-0.30333,-2.1646E-016,2.4385E-015,-1.0931,0.0062832,0.050582,-2.0653E-016,4.6877,4.6877,4.6877,4.6877
-4.6496E-016,-0.3004,-2.2064E-016,2.4733E-015,-1.0963,0.006273,0.058354,-2.0074E-016,4.7494,4.7494,4.7494,4.7494
-4.6564E-016,-0.29746,-2.2349E-016,2.5047E-015,-1.0996,0.0062629,0.066126,-2.0961E-016,4.8113,4.8113,4.8113,4.8113
-4.6524E-016,-0.29451,-2.2433E-016,2.5254E-015,-1.1028,0.0062528,0.073897,-2.2488E-016,4.8735,4.8735,4.8735,4.8735
-4.7327E-016,-0.29154,-2.327E-016,2.5677E-015,-1.1061,0.0062428,0.081666,-2.4131E-016,4.9361,4.9361,4.9361,4.9361
-4.7278E-016,-0.28856,-2.3428E-016,2.5926E-015,-1.1093,0.0062328,0.089435,-2.384E-016,4.9988,4.9988,4.9988,4.9988
-4.6596E-016,-0.28556,-2.3151E-016,2.592E-015,-1.1125,0.0062228,0.097201,-2.4336E-016,5.0619,5.0619,5.0619,5.0619
-4.524E-016,-0.28255,-2.2185E-016,2.5824E-015,-1.1157,0.0062128,0.10497,-2.3911E-016,5.1252,5.1252,5.1252,5.1252
-4.5964E-016,-0.27953,-2.3034E-016,2.6386E-015,-1.1189,0.0062029,0.11273,-2.4622E-016,5.1889,5.1889,5.1889,5.1889
-4.5657E-016,-0.27649,-2.2785E-016,2.6511E-015,-1.1221,0.006193,0.12049,-2.4034E-016,5.2527,5.2527,5.2527,5.2527
-4.5667E-016,-0.27345,-2.303E-016,2.6846E-015,-1.1253,0.0061831,0.12825,-2.3487E-016,5.3169,5.3169,5.3169,5.3169
-4.5553E-016,-0.27039,-2.3346E-016,2.7024E-015,-1.1285,0.0061733,0.136,-2.5149E-016,5.3813,5.3813,5.3813,5.3813
-4.5848E-016,-0.26731,-2.3728E-016,2.7405E-015,-1.1316,0.0061635,0.14375,-2.4565E-016,5.446,5.446,5.446,5.446
-4.5815E-016,-0.26423,-2.4157E-016,2.7693E-015,-1.1348,0.0061537,0.1515,-2.4385E-016,5.511,5.511,5.511,5.511
-4.618E-016,-0.26113,-2.4944E-016,2.813E-015,-1.1379,0.0061439,0.15924,-2.5942E-016,5.5762,5.5762,5.5762,5.5762
-4.5917E-016,-0.25802,-2.5109E-016,2.8455E-015,-1.141,0.0061342,0.16698,-2.6533E-016,5.6416,5.6416,5.6416,5.6416
-4.5263E-016,-0.2549,-2.4749E-016,2.8591E-015,-1.1442,0.0061245,0.17471,-2.5675E-016,5.7074,5.7074,5.7074,5.7074
-4.5902E-016,-0.25177,-2.5491E-016,2.9051E-015,-1.1473,0.0061148,0.18244,-2.7073E-016,5.7733,5.7733,5.7733,5.7733
-4.5776E-016,-0.24862,-2.5727E-016,2.9274E-015,-1.1504,0.0061052,0.19017,-2.8459E-016,5.8396,5.8396,5.8396,5.8396
-4.5703E-016,-0.24546,-2.5889E-016,2.9608E-015,-1.1535,0.0060956,0.19788,-2.9538E-016,5.906,5.906,5.906,5.906
-4.4701E-016,-0.24229,-2.5518E-016,2.97E-015,-1.1565,0.006086,0.2056,-2.908E-016,5.9728,5.9728,5.9728,5.9728
-4.4914E-016,-0.23911,-2.6235E-016,3.0148E-015,-1.1596,0.0060765,0.2133,-3.0215E-016,6.0397,6.0397,6.0397,6.0397
-4.5632E-016,-0.23592,-2.7172E-016,3.0565E-015,-1.1627,0.006067,0.22101,-3.1831E-016,6.1069,6.1069,6.1069,6.1069
-4.5329E-016,-0.23272,-2.7164E-016,3.0789E-015,-1.1657,0.0060575,0.2287,-3.3146E-016,6.1744,6.1744,6.1744,6.1744
-4.4882E-016,-0.2295,-2.6693E-016,3.0805E-015,-1.1687,0.006048,0.23639,-3.3341E-016,6.242,6.242,6.242,6.242
-4.4606E-016,-0.22628,-2.6943E-016,3.1041E-015,-1.1718,0.0060386,0.24407,-3.48E-016,6.3099,6.3099,6.3099,6.3099
-4.4311E-016,-0.22304,-2.7185E-016,3.1323E-015,-1.1748,0.0060292,0.25174,-3.6138E-016,6.3781,6.3781,6.3781,6.3781
-4.4095E-016,-0.21979,-2.7232E-016,3.1606E-015,-1.1778,0.0060199,0.25941,-3.7526E-016,6.4464,6.4464,6.4464,6.4464
-4.4506E-016,-0.21654,-2.7368E-016,3.1994E-015,-1.1807,0.0060105,0.26707,-3.8473E-016,6.515,6.515,6.515,6.515
-4.4625E-016,-0.21327,-2.8409E-016,3.2531E-015,-1.1837,0.0060012,0.27471,-4.0714E-016,6.5838,6.5838,6.5838,6.5838
-4.3613E-016,-0.20999,-2.797E-016,3.2544E-015,-1.1867,0.005992,0.28236,-4.0839E-016,6.6528,6.6528,6.6528,6.6528
-4.3559E-016,-0.2067,-2.8176E-016,3.2804E-015,-1.1896,0.0059827,0.28999,-4.2033E-016,6.7221,6.7221,6.7221,6.7221
-4.3956E-016,-0.2034,-2.8336E-016,3.3191E-015,-1.1926,0.0059735,0.29761,-4.2994E-016,6.7915,6.7915,6.7915,6.7915
-4.4741E-016,-0.20009,-2.9028E-016,3.3686E-015,-1.1955,0.0059644,0.30523,-4.4442E-016,6.8612,6.8612,6.8612,6.8612
-4.5297E-016,-0.19677,-2.9095E-016,3.4022E-015,-1.1984,0.0059553,0.31283,-4.5833E-016,6.9311,6.9311,6.9311,6.9311
-4.6353E-016,-0.19345,-3.0315E-016,3.4538E-015,-1.2013,0.0059462,0.32043,-4.7628E-016,7.0011,7.0011,7.0011,7.0011
-4.8754E-016,-0.19011,-3.3069E-016,3.5254E-015,-1.2042,0.0059371,0.32801,-5.0025E-016,7.0714,7.0714,7.0714,7.0714
-4.8219E-016,-0.18676,-3.3101E-016,3.5482E-015,-1.2071,0.0059281,0.33559,-5.0966E-016,7.1419,7.1419,7.1419,7.1419
-4.824E-016,-0.18341,-3.3097E-016,3.5787E-015,-1.2099,0.0059191,0.34315,-5.235E-016,7.2125,7.2125,7.2125,7.2125
-4.8832E-016,-0.18004,-3.3734E-016,3.6283E-015,-1.2128,0.0059101,0.3507,-5.53E-016,7.2834,7.2834,7.2834,7.2834
-4.9665E-016,-0.17667,-3.4509E-016,3.68E-015,-1.2156,0.0059012,0.35825,-5.6503E-016,7.3544,7.3544,7.3544,7.3544
-4.906E-016,-0.17328,-3.4068E-016,3.6877E-015,-1.2184,0.0058923,0.36578,-5.6144E-016,7.4256,7.4256,7.4256,7.4256
-4.672E-016,-0.16989,-3.2933E-016,3.6592E-015,-1.2212,0.0058834,0.3733,-5.58E-016,7.4971,7.4971,7.4971,7.4971
-4.7559E-016,-0.16649,-3.442E-016,3.73E-015,-1.224,0.0058746,0.38081,-5.8887E-016,7.5686,7.5686,7.5686,7.5686
-4.8047E-016,-0.16308,-3.5198E-016,3.7826E-015,-1.2268,0.0058658,0.3883,-6.0353E-016,7.6404,7.6404,7.6404,7.6404
-4.7074E-016,-0.15966,-3.5436E-016,3.7927E-015,-1.2296,0.0058571,0.39579,-6.2027E-016,7.7123,7.7123,7.7123,7.7123
-4.6652E-016,-0.15624,-3.522E-016,3.8176E-015,-1.2323,0.0058484,0.40326,-6.3321E-016,7.7845,7.7845,7.7845,7.7845
-4.6859E-016,-0.15281,-3.5304E-016,3.8474E-015,-1.2351,0.0058397,0.41072,-6.4613E-016,7.8567,7.8567,7.8567,7.8567
-4.8592E-016,-0.14936,-3.6445E-016,3.9288E-015,-1.2378,0.005831,0.41816,-6.7406E-016,7.9292,7.9292,7.9292,7.9292
-4.8716E-016,-0.14592,-3.6499E-016,3.966E-015,-1.2405,0.0058224,0.42559,-6.8503E-016,8.0018,8.0018,8.0018,8.0018
-4.7927E-016,-0.14246,-3.5919E-016,3.969E-015,-1.2432,0.0058139,0.43301,-6.8099E-016,8.0745,8.0745,8.0745,8.0745
-4.8501E-016,-0.139,-3.7019E-016,4.023E-015,-1.2459,0.0058053,0.44042,-7.0989E-016,8.1474,8.1474,8.1474,8.1474
-4.7756E-016,-0.13553,-3.6638E-016,4.0331E-015,-1.2486,0.0057968,0.44781,-7.0614E-016,8.2205,8.2205,8.2205,8.2205
-4.7107E-016,-0.13205,-3.7018E-016,4.0597E-015,-1.2512,0.0057884,0.45518,-7.1632E-016,8.2937,8.2937,8.2937,8.2937
-4.6713E-016,-0.12856,-3.7228E-016,4.077E-015,-1.2538,0.00578,0.46254,-7.3131E-016,8.3671,8.3671,8.3671,8.3671
-4.6409E-016,-0.12507,-3.7514E-016,4.105E-015,-1.2565,0.0057716,0.46989,-7.4427E-016,8.4405,8.4405,8.4405,8.4405
-4.507E-016,-0.12158,-3.7157E-016,4.1141E-015,-1.2591,0.0057632,0.47722,-7.3719E-016,8.5142,8.5142,8.5142,8.5142
-4.4556E-016,-0.11807,-3.715E-016,4.1378E-015,-1.2617,0.0057549,0.48454,-7.493E-016,8.5879,8.5879,8.5879,8.5879
-4.5177E-016,-0.11456,-3.8398E-016,4.2088E-015,-1.2642,0.0057467,0.49184,-7.79E-016,8.6618,8.6618,8.6618,8.6618
-4.5878E-016,-0.11105,-3.9157E-016,4.2581E-015,-1.2668,0.0057384,0.49913,-7.9489E-016,8.7359,8.7359,8.7359,8.7359
-4.4963E-016,-0.10752,-3.8948E-016,4.2658E-015,-1.2694,0.0057303,0.5064,-7.9088E-016,8.81,8.81,8.81,8.81
-4.4974E-016,-0.104,-3.8999E-016,4.2934E-015,-1.2719,0.0057221,0.51365,-8.0385E-016,8.8843,8.8843,8.8843,8.8843
-4.4718E-016,-0.10046,-3.9233E-016,4.3234E-015,-1.2744,0.005714,0.52089,-8.1791E-016,8.9587,8.9587,8.9587,8.9587
-4.2733E-016,-0.096925,-3.8676E-016,4.3108E-015,-1.2769,0.0057059,0.52811,-8.168E-016,9.0332,9.0332,9.0332,9.0332
-4.2752E-016,-0.093381,-3.9317E-016,4.3613E-015,-1.2794,0.0056979,0.53531,-8.4627E-016,9.1078,9.1078,9.1078,9.1078
-4.1777E-016,-0.089833,-3.959E-016,4.3796E-015,-1.2819,0.0056899,0.5425,-8.6223E-016,9.1825,9.1825,9.1825,9.1825
-4.1321E-016,-0.086279,-3.8968E-016,4.389E-015,-1.2843,0.0056819,0.54967,-8.6026E-016,9.2573,9.2573,9.2573,9.2573
-4.0262E-016,-0.08272,-3.8561E-016,4.3917E-015,-1.2868,0.005674,0.55682,-8.5444E-016,9.3322,9.3322,9.3322,9.3322
-4.045E-016,-0.079157,-3.8431E-016,4.4217E-015,-1.2892,0.0056662,0.56396,-8.7045E-016,9.4072,9.4072,9.4072,9.4072
-4.1079E-016,-0.07559,-3.8349E-016,4.4587E-015,-1.2916,0.0056583,0.57107,-8.8472E-016,9.4823,9.4823,9.4823,9.4823
-3.9484E-016,-0.072018,-3.8135E-016,4.4519E-015,-1.294,0.0056505,0.57817,-8.8238E-016,9.5575,9.5575,9.5575,9.5575
-3.8703E-016,-0.068442,-3.8334E-016,4.4706E-015,-1.2964,0.0056428,0.58525,-8.9475E-016,9.6328,9.6328,9.6328,9.6328
-3.792E-016,-0.064862,-3.8684E-016,4.4935E-015,-1.2987,0.0056351,0.59231,-9.0871E-016,9.7082,9.7082,9.7082,9.7082
-3.7567E-016,-0.061279,-3.8782E-016,4.515E-015,-1.3011,0.0056274,0.59935,-9.2419E-016,9.7836,9.7836,9.7836,9.7836
-3.7131E-016,-0.057692,-3.9093E-016,4.5421E-015,-1.3034,0.0056198,0.60638,-9.3837E-016,9.8591,9.8591,9.8591,9.8591
-3.7068E-016,-0.054101,-4.0115E-016,4.5821E-015,-1.3057,0.0056122,0.61338,-9.6949E-016,9.9347,9.9347,9.9347,9.9347
-3.6732E-016,-0.050508,-4.0321E-016,4.6073E-015,-1.308,0.0056047,0.62037,-9.8539E-016,10.01,10.01,10.01,10.01
-3.6178E-016,-0.046911,-3.9891E-016,4.6159E-015,-1.3103,0.0055972,0.62733,-9.8235E-016,10.086,10.086,10.086,10.086
-3.6697E-016,-0.043312,-3.982E-016,4.6469E-015,-1.3126,0.0055897,0.63428,-9.9589E-016,10.162,10.162,10.162,10.162
-3.4691E-016,-0.039709,-3.9453E-016,4.6401E-015,-1.3148,0.0055823,0.6412,-9.9203E-016,10.238,10.238,10.238,10.238
-3.3453E-016,-0.036105,-3.9657E-016,4.6556E-015,-1.317,0.0055749,0.64811,-1.0063E-015,10.314,10.314,10.314,10.314
-3.2686E-016,-0.032497,-3.982E-016,4.6739E-015,-1.3193,0.0055676,0.65499,-1.0201E-015,10.39,10.39,10.39,10.39
-3.1072E-016,-0.028888,-3.9243E-016,4.6638E-015,-1.3215,0.0055603,0.66186,-1.0171E-015,10.466,10.466,10.466,10.466
-3.1507E-016,-0.025277,-3.947E-016,4.6918E-015,-1.3236,0.0055531,0.6687,-1.0315E-015,10.542,10.542,10.542,10.542
-3.2148E-016,-0.021664,-3.9614E-016,4.7291E-015,-1.3258,0.0055459,0.67552,-1.0458E-015,10.618,10.618,10.618,10.618
-3.036E-016,-0.018049,-3.9119E-016,4.7231E-015,-1.328,0.0055387,0.68232,-1.0428E-015,10.694,10.694,10.694,10.694
-2.929E-016,-0.014433,-3.8881E-016,4.7216E-015,-1.3301,0.0055316,0.6891,-1.0399E-015,10.77,10.77,10.77,10.77
-2.9071E-016,-0.010815,-3.9829E-016,4.7655E-015,-1.3322,0.0055245,0.69586,-1.0705E-015,10.846,10.846,10.846,10.846
-2.8624E-016,-0.0071963,-3.9152E-016,4.7688E-015,-1.3343,0.0055175,0.7026,-1.069E-015,10.922,10.922,10.922,10.922
-2.8376E-016,-0.0035766,-4.0341E-016,4.8069E-015,-1.3364,0.0055105,0.70931,-1.1019E-015,10.998,10.998,10.998,10.998
-2.8563E-016,0.000043899,-4.0397E-016,4.8351E-015,-1.3384,0.0055036,0.716,-1.1154E-015,11.075,11.075,11.075,11.075
-2.8016E-016,0.003665,-4.0742E-016,4.8532E-015,-1.3405,0.0054967,0.72267,-1.1308E-015,11.151,11.151,11.151,11.151
-2.9011E-016,0.0072865,-4.2277E-016,4.9282E-015,-1.3425,0.0054898,0.72932,-1.1791E-015,11.227,11.227,11.227,11.227
-3.0177E-016,0.010908,-4.3648E-016,5.002E-015,-1.3445,0.005483,0.73595,-1.2106E-015,11.303,11.303,11.303,11.303
-2.9556E-016,0.01453,-4.3612E-016,5.0218E-015,-1.3465,0.0054762,0.74255,-1.225E-015,11.38,11.38,11.38,11.38
-2.9246E-016,0.018152,-4.3688E-016,5.0501E-015,-1.3485,0.0054695,0.74913,-1.2405E-015,11.456,11.456,11.456,11.456
-2.8104E-016,0.021773,-4.3312E-016,5.0487E-015,-1.3505,0.0054628,0.75568,-1.2369E-015,11.532,11.532,11.532,11.532
-2.6342E-016,0.025394,-4.294E-016,5.0442E-015,-1.3524,0.0054562,0.76222,-1.2341E-015,11.608,11.608,11.608,11.608
-2.5813E-016,0.029015,-4.3338E-016,5.0586E-015,-1.3544,0.0054496,0.76872,-1.2501E-015,11.685,11.685,11.685,11.685
-2.592E-016,0.032634,-4.3366E-016,5.0861E-015,-1.3563,0.005443,0.77521,-1.2653E-015,11.761,11.761,11.761,11.761
-2.5248E-016,0.036253,-4.3536E-016,5.1E-015,-1.3582,0.0054365,0.78167,-1.2799E-015,11.837,11.837,11.837,11.837
-2.5701E-016,0.03987,-4.505E-016,5.1609E-015,-1.36,0.0054301,0.78811,-1.3275E-015,11.913,11.913,11.913,11.913
-2.5073E-016,0.043486,-4.5042E-016,5.1815E-015,-1.3619,0.0054237,0.79452,-1.3436E-015,11.989,11.989,11.989,11.989
-2.4525E-016,0.047101,-4.593E-016,5.2205E-015,-1.3637,0.0054173,0.80091,-1.3751E-015,12.065,12.065,12.065,12.065
-2.3038E-016,0.050713,-4.5623E-016,5.2115E-015,-1.3656,0.005411,0.80727,-1.3722E-015,12.141,12.141,12.141,12.141
-2.1637E-016,0.054324,-4.5949E-016,5.2271E-015,-1.3674,0.0054047,0.81361,-1.3883E-015,12.217,12.217,12.217,12.217
-2.0534E-016,0.057933,-4.5506E-016,5.2211E-015,-1.3692,0.0053985,0.81993,-1.3845E-015,12.293,12.293,12.293,12.293
-2.1925E-016,0.06154,-4.6855E-016,5.2942E-015,-1.371,0.0053923,0.82622,-1.4332E-015,12.369,12.369,12.369,12.369
-2.2488E-016,0.065144,-4.7396E-016,5.3418E-015,-1.3727,0.0053861,0.83248,-1.4648E-015,12.445,12.445,12.445,12.445
-2.0444E-016,0.068746,-4.7134E-016,5.3296E-015,-1.3745,0.00538,0.83872,-1.4632E-015,12.521,12.521,12.521,12.521
-1.949E-016,0.072344,-4.7533E-016,5.3411E-015,-1.3762,0.005374,0.84493,-1.4794E-015,12.597,12.597,12.597,12.597
-1.6892E-016,0.07594,-4.6594E-016,5.3035E-015,-1.3779,0.0053679,0.85112,-1.4596E-015,12.672,12.672,12.672,12.672
-1.6412E-016,0.079533,-4.7307E-016,5.3332E-015,-1.3796,0.005362,0.85728,-1.4926E-015,12.748,12.748,12.748,12.748
-1.6027E-016,0.083122,-4.7332E-016,5.359E-015,-1.3812,0.005356,0.86342,-1.508E-015,12.824,12.824,12.824,12.824
-1.5532E-016,0.086708,-4.8073E-016,5.3988E-015,-1.3829,0.0053502,0.86953,-1.5404E-015,12.899,12.899,12.899,12.899
-1.6064E-016,0.09029,-4.8846E-016,5.4459E-015,-1.3845,0.0053443,0.87561,-1.572E-015,12.975,12.975,12.975,12.975
-1.6613E-016,0.093869,-4.8757E-016,5.4786E-015,-1.3862,0.0053385,0.88167,-1.5877E-015,13.05,13.05,13.05,13.05
-1.5995E-016,0.097443,-4.835E-016,5.4791E-015,-1.3878,0.0053328,0.8877,-1.5858E-015,13.125,13.125,13.125,13.125
-1.58E-016,0.10101,-4.8481E-016,5.5018E-015,-1.3894,0.0053271,0.89371,-1.6022E-015,13.2,13.2,13.2,13.2
-1.329E-016,0.10458,-4.7459E-016,5.4676E-015,-1.3909,0.0053214,0.89969,-1.6008E-015,13.275,13.275,13.275,13.275
-1.0601E-016,0.10814,-4.7122E-016,5.4476E-015,-1.3925,0.0053158,0.90564,-1.5992E-015,13.35,13.35,13.35,13.35
-1.038E-016,0.1117,-4.7073E-016,5.4661E-015,-1.394,0.0053102,0.91156,-1.615E-015,13.425,13.425,13.425,13.425
-9.9052E-017,0.11525,-4.7836E-016,5.4963E-015,-1.3955,0.0053047,0.91746,-1.6477E-015,13.5,13.5,13.5,13.5
-1.0273E-016,0.11879,-4.7924E-016,5.5183E-015,-1.397,0.0052992,0.92333,-1.6636E-015,13.575,13.575,13.575,13.575
-1.0055E-016,0.12234,-4.7253E-016,5.5192E-015,-1.3985,0.0052938,0.92917,-1.6632E-015,13.649,13.649,13.649,13.649
-8.9473E-017,0.12587,-4.6764E-016,5.5073E-015,-1.4,0.0052884,0.93499,-1.6612E-015,13.724,13.724,13.724,13.724
-8.521E-017,0.1294,-4.6945E-016,5.5235E-015,-1.4014,0.005283,0.94078,-1.6773E-015,13.798,13.798,13.798,13.798
-9.0502E-017,0.13293,-4.7664E-016,5.5647E-015,-1.4029,0.0052777,0.94654,-1.7097E-015,13.872,13.872,13.872,13.872
-8.0799E-017,0.13644,-4.7803E-016,5.575E-015,-1.4043,0.0052725,0.95227,-1.7256E-015,13.946,13.946,13.946,13.946
-7.0264E-017,0.13996,-4.7921E-016,5.5865E-015,-1.4057,0.0052673,0.95797,-1.7418E-015,14.02,14.02,14.02,14.02
-6.8617E-017,0.14346,-4.8193E-016,5.6028E-015,-1.4071,0.0052621,0.96365,-1.7584E-015,14.094,14.094,14.094,14.094
-6.3651E-017,0.14696,-4.8513E-016,5.6212E-015,-1.4085,0.005257,0.9693,-1.7746E-015,14.168,14.168,14.168,14.168
-5.5232E-017,0.15045,-4.8151E-016,5.6234E-015,-1.4098,0.0052519,0.97492,-1.7772E-015,14.241,14.241,14.241,14.241
-5.2053E-017,0.15394,-4.8173E-016,5.637E-015,-1.4111,0.0052468,0.98051,-1.7935E-015,14.314,14.314,14.314,14.314
-5.4422E-017,0.15742,-4.9089E-016,5.6812E-015,-1.4125,0.0052418,0.98607,-1.8266E-015,14.388,14.388,14.388,14.388
-4.0809E-017,0.16089,-4.8563E-016,5.6676E-015,-1.4138,0.0052369,0.99161,-1.8259E-015,14.461,14.461,14.461,14.461
-3.5576E-017,0.16435,-4.9296E-016,5.7026E-015,-1.4151,0.0052319,0.99711,-1.8593E-015,14.534,14.534,14.534,14.534
-1.6818E-017,0.16781,-4.8995E-016,5.6873E-015,-1.4163,0.0052271,1.0026,-1.8597E-015,14.606,14.606,14.606,14.606
-7.5518E-018,0.17126,-4.9234E-016,5.6985E-015,-1.4176,0.0052222,1.008,-1.8773E-015,14.679,14.679,14.679,14.679
-1.2264E-017,0.1747,-4.9203E-016,5.7231E-015,-1.4188,0.0052174,1.0135,-1.8936E-015,14.752,14.752,14.752,14.752
-1.0106E-017,0.17813,-4.9223E-016,5.7375E-015,-1.42,0.0052127,1.0188,-1.9095E-015,14.824,14.824,14.824,14.824
-1.604E-017,0.18155,-4.9247E-016,5.765E-015,-1.4212,0.005208,1.0242,-1.9259E-015,14.896,14.896,14.896,14.896
-1.0032E-017,0.18497,-4.9438E-016,5.778E-015,-1.4224,0.0052033,1.0295,-1.9436E-015,14.968,14.968,14.968,14.968
-1.9375E-018,0.18838,-5.0222E-016,5.8026E-015,-1.4236,0.0051987,1.0348,-1.9754E-015,15.04,15.04,15.04,15.04
-7.0226E-019,0.19178,-5.0094E-016,5.822E-015,-1.4248,0.0051941,1.0401,-1.9915E-015,15.111,15.111,15.111,15.111
-3.771E-018,0.19517,-5.0858E-016,5.8596E-015,-1.4259,0.0051896,1.0454,-2.0231E-015,15.182,15.182,15.182,15.182
-1.0543E-018,0.19855,-5.0824E-016,5.8773E-015,-1.427,0.0051851,1.0506,-2.0389E-015,15.254,15.254,15.254,15.254
1.0357E-017,0.20192,-5.0878E-016,5.8884E-015,-1.4281,0.0051807,1.0558,-2.0548E-015,15.325,15.325,15.325,15.325
8.0017E-018,0.20528,-5.1752E-016,5.9259E-015,-1.4292,0.0051763,1.0609,-2.0879E-015,15.395,15.395,15.395,15.395
2.1121E-017,0.20863,-5.1605E-016,5.916E-015,-1.4303,0.0051719,1.066,-2.0884E-015,15.466,15.466,15.466,15.466
3.1346E-017,0.21197,-5.0935E-016,5.9077E-015,-1.4314,0.0051676,1.0711,-2.0877E-015,15.536,15.536,15.536,15.536
4.098E-017,0.2153,-5.1544E-016,5.93E-015,-1.4324,0.0051633,1.0762,-2.1195E-015,15.606,15.606,15.606,15.606
5.3191E-017,0.21863,-5.1334E-016,5.9216E-015,-1.4335,0.005159,1.0812,-2.1197E-015,15.676,15.676,15.676,15.676
5.3276E-017,0.22194,-5.1299E-016,5.9394E-015,-1.4345,0.0051548,1.0862,-2.1361E-015,15.746,15.746,15.746,15.746
5.37E-017,0.22524,-5.1451E-016,5.9548E-015,-1.4355,0.0051507,1.0912,-2.1521E-015,15.816,15.816,15.816,15.816
7.0583E-017,0.22853,-5.0401E-016,5.9268E-015,-1.4365,0.0051465,1.0962,-2.1366E-015,15.885,15.885,15.885,15.885
8.1496E-017,0.23181,-5.0263E-016,5.9205E-015,-1.4374,0.0051424,1.1011,-2.1385E-015,15.954,15.954,15.954,15.954
9.5196E-017,0.23508,-4.9879E-016,5.9067E-015,-1.4384,0.0051384,1.106,-2.1386E-015,16.023,16.023,16.023,16.023
1.0435E-016,0.23834,-4.9359E-016,5.899E-015,-1.4393,0.0051344,1.1108,-2.139E-015,16.091,16.091,16.091,16.091
1.0163E-016,0.24158,-4.9556E-016,5.9171E-015,-1.4403,0.0051304,1.1156,-2.1552E-015,16.16,16.16,16.16,16.16
1.0377E-016,0.24482,-5.0144E-016,5.9461E-015,-1.4412,0.0051265,1.1204,-2.1865E-015,16.228,16.228,16.228,16.228
1.1215E-016,0.24804,-5.0052E-016,5.9404E-015,-1.4421,0.0051226,1.1252,-2.1979E-015,16.296,16.296,16.296,16.296
1.0235E-016,0.25125,-5.0937E-016,5.9966E-015,-1.4429,0.0051188,1.1299,-2.2458E-015,16.363,16.363,16.363,16.363
9.8852E-017,0.25445,-5.1575E-016,6.0335E-015,-1.4438,0.0051149,1.1346,-2.2783E-015,16.43,16.43,16.43,16.43
1.0819E-016,0.25764,-5.1143E-016,6.0251E-015,-1.4447,0.0051112,1.1393,-2.2871E-015,16.498,16.498,16.498,16.498
1.1127E-016,0.26081,-5.1194E-016,6.041E-015,-1.4455,0.0051074,1.1439,-2.3038E-015,16.564,16.564,16.564,16.564
1.0752E-016,0.26397,-5.186E-016,6.0753E-015,-1.4463,0.0051037,1.1485,-2.3363E-015,16.631,16.631,16.631,16.631
1.163E-016,0.26712,-5.2075E-016,6.0858E-015,-1.4471,0.0051001,1.1531,-2.352E-015,16.697,16.697,16.697,16.697
1.1981E-016,0.27026,-5.1671E-016,6.0832E-015,-1.4479,0.0050965,1.1577,-2.3554E-015,16.763,16.763,16.763,16.763
1.2535E-016,0.27338,-5.1092E-016,6.0756E-015,-1.4487,0.0050929,1.1622,-2.3625E-015,16.829,16.829,16.829,16.829
1.2819E-016,0.27649,-5.1243E-016,6.088E-015,-1.4495,0.0050893,1.1666,-2.3785E-015,16.895,16.895,16.895,16.895
1.3175E-016,0.27959,-5.1234E-016,6.0956E-015,-1.4503,0.0050858,1.1711,-2.3934E-015,16.96,16.96,16.96,16.96
1.4233E-016,0.28267,-5.0708E-016,6.0848E-015,-1.451,0.0050824,1.1755,-2.3947E-015,17.025,17.025,17.025,17.025
1.4396E-016,0.28574,-5.1748E-016,6.1271E-015,-1.4517,0.0050789,1.1799,-2.4418E-015,17.089,17.089,17.089,17.089
1.3961E-016,0.2888,-5.2867E-016,6.1781E-015,-1.4524,0.0050755,1.1843,-2.4874E-015,17.154,17.154,17.154,17.154
1.464E-016,0.29184,-5.2636E-016,6.1881E-015,-1.4531,0.0050722,1.1886,-2.5017E-015,17.218,17.218,17.218,17.218
1.5044E-016,0.29487,-5.2203E-016,6.1847E-015,-1.4538,0.0050688,1.1929,-2.5018E-015,17.281,17.281,17.281,17.281
1.47E-016,0.29788,-5.2523E-016,6.2217E-015,-1.4545,0.0050656,1.1972,-2.5336E-015,17.345,17.345,17.345,17.345
1.4847E-016,0.30088,-5.2755E-016,6.2354E-015,-1.4552,0.0050623,1.2014,-2.5601E-015,17.408,17.408,17.408,17.408
1.5595E-016,0.30386,-5.2083E-016,6.2292E-015,-1.4558,0.0050591,1.2056,-2.5621E-015,17.471,17.471,17.471,17.471
1.6473E-016,0.30683,-5.1926E-016,6.2359E-015,-1.4565,0.0050559,1.2098,-2.5757E-015,17.533,17.533,17.533,17.533
1.6934E-016,0.30979,-5.198E-016,6.2466E-015,-1.4571,0.0050528,1.2139,-2.5899E-015,17.596,17.596,17.596,17.596
1.6872E-016,0.31273,-5.2421E-016,6.2754E-015,-1.4577,0.0050496,1.218,-2.6213E-015,17.657,17.657,17.657,17.657
1.696E-016,0.31565,-5.3049E-016,6.304E-015,-1.4583,0.0050466,1.2221,-2.6539E-015,17.719,17.719,17.719,17.719
1.6806E-016,0.31856,-5.3663E-016,6.3337E-015,-1.4589,0.0050435,1.2261,-2.6858E-015,17.78,17.78,17.78,17.78
1.7071E-016,0.32146,-5.3591E-016,6.3472E-015,-1.4595,0.0050405,1.2301,-2.7085E-015,17.841,17.841,17.841,17.841
1.6751E-016,0.32433,-5.4195E-016,6.3794E-015,-1.46,0.0050375,1.2341,-2.7407E-015,17.902,17.902,17.902,17.902
1.6913E-016,0.3272,-5.3987E-016,6.3867E-015,-1.4606,0.0050346,1.2381,-2.7548E-015,17.962,17.962,17.962,17.962
1.7363E-016,0.33004,-5.3762E-016,6.3844E-015,-1.4611,0.0050317,1.242,-2.7594E-015,18.022,18.022,18.022,18.022
1.8349E-016,0.33287,-5.3251E-016,6.3738E-015,-1.4617,0.0050288,1.2459,-2.7603E-015,18.081,18.081,18.081,18.081
1.958E-016,0.33568,-5.2651E-016,6.3638E-015,-1.4622,0.005026,1.2497,-2.7612E-015,18.141,18.141,18.141,18.141
1.9986E-016,0.33848,-5.2501E-016,6.3585E-015,-1.4627,0.0050232,1.2535,-2.7661E-015,18.2,18.2,18.2,18.2
2.0575E-016,0.34126,-5.2582E-016,6.3619E-015,-1.4632,0.0050204,1.2573,-2.7808E-015,18.258,18.258,18.258,18.258
2.0807E-016,0.34403,-5.2133E-016,6.3527E-015,-1.4637,0.0050176,1.2611,-2.7802E-015,18.316,18.316,18.316,18.316
2.1312E-016,0.34677,-5.2537E-016,6.3772E-015,-1.4641,0.0050149,1.2648,-2.8111E-015,18.374,18.374,18.374,18.374
2.2054E-016,0.3495,-5.2158E-016,6.3706E-015,-1.4646,0.0050123,1.2685,-2.8125E-015,18.432,18.432,18.432,18.432
2.1909E-016,0.35221,-5.2483E-016,6.3976E-015,-1.4651,0.0050096,1.2722,-2.8432E-015,18.489,18.489,18.489,18.489
2.2368E-016,0.35491,-5.259E-016,6.4086E-015,-1.4655,0.005007,1.2758,-2.8622E-015,18.545,18.545,18.545,18.545
2.2599E-016,0.35758,-5.2548E-016,6.4193E-015,-1.4659,0.0050044,1.2794,-2.8763E-015,18.602,18.602,18.602,18.602
2.3191E-016,0.36024,-5.2539E-016,6.4256E-015,-1.4663,0.0050019,1.2829,-2.8939E-015,18.658,18.658,18.658,18.658
2.2871E-016,0.36289,-5.2703E-016,6.4501E-015,-1.4668,0.0049993,1.2865,-2.9214E-015,18.713,18.713,18.713,18.713
2.2658E-016,0.36551,-5.3172E-016,6.4796E-015,-1.4672,0.0049968,1.29,-2.9526E-015,18.769,18.769,18.769,18.769
2.3292E-016,0.36811,-5.3168E-016,6.4839E-015,-1.4675,0.0049944,1.2934,-2.9665E-015,18.823,18.823,18.823,18.823
2.3371E-016,0.3707,-5.3254E-016,6.501E-015,-1.4679,0.004992,1.2969,-2.9871E-015,18.878,18.878,18.878,18.878
2.3309E-016,0.37327,-5.3416E-016,6.5157E-015,-1.4683,0.0049896,1.3003,-3.0058E-015,18.932,18.932,18.932,18.932
2.4165E-016,0.37582,-5.2957E-016,6.508E-015,-1.4687,0.0049872,1.3037,-3.0095E-015,18.986,18.986,18.986,18.986
2.4129E-016,0.37835,-5.3214E-016,6.5263E-015,-1.469,0.0049848,1.307,-3.0367E-015,19.039,19.039,19.039,19.039
2.4721E-016,0.38086,-5.2679E-016,6.5137E-015,-1.4694,0.0049825,1.3103,-3.037E-015,19.092,19.092,19.092,19.092
2.5089E-016,0.38336,-5.2696E-016,6.5228E-015,-1.4697,0.0049803,1.3136,-3.0562E-015,19.144,19.144,19.144,19.144
2.528E-016,0.38583,-5.2979E-016,6.5474E-015,-1.47,0.004978,1.3168,-3.0883E-015,19.196,19.196,19.196,19.196
2.5712E-016,0.38829,-5.2636E-016,6.5417E-015,-1.4703,0.0049758,1.32,-3.0993E-015,19.248,19.248,19.248,19.248
2.645E-016,0.39072,-5.2395E-016,6.5349E-015,-1.4706,0.0049736,1.3232,-3.1053E-015,19.299,19.299,19.299,19.299
2.7911E-016,0.39314,-5.1838E-016,6.5105E-015,-1.4709,0.0049714,1.3263,-3.104E-015,19.35,19.35,19.35,19.35
2.8207E-016,0.39553,-5.1609E-016,6.5052E-015,-1.4712,0.0049693,1.3295,-3.1103E-015,19.401,19.401,19.401,19.401
2.8449E-016,0.39791,-5.1643E-016,6.5172E-015,-1.4715,0.0049672,1.3325,-3.1291E-015,19.451,19.451,19.451,19.451
2.772E-016,0.40026,-5.2641E-016,6.5669E-015,-1.4718,0.0049651,1.3356,-3.1768E-015,19.5,19.5,19.5,19.5
2.8343E-016,0.4026,-5.2256E-016,6.5591E-015,-1.472,0.004963,1.3386,-3.1858E-015,19.549,19.549,19.549,19.549
2.8632E-016,0.40492,-5.2252E-016,6.5688E-015,-1.4723,0.004961,1.3416,-3.2045E-015,19.598,19.598,19.598,19.598
2.9131E-016,0.40721,-5.2178E-016,6.5651E-015,-1.4726,0.004959,1.3445,-3.2129E-015,19.647,19.647,19.647,19.647
2.9694E-016,0.40948,-5.2025E-016,6.5631E-015,-1.4728,0.004957,1.3475,-3.2226E-015,19.694,19.694,19.694,19.694
2.9718E-016,0.41174,-5.2288E-016,6.5783E-015,-1.473,0.0049551,1.3503,-3.2423E-015,19.742,19.742,19.742,19.742
3.0027E-016,0.41397,-5.2489E-016,6.5902E-015,-1.4733,0.0049532,1.3532,-3.2616E-015,19.789,19.789,19.789,19.789
3.0574E-016,0.41618,-5.223E-016,6.5875E-015,-1.4735,0.0049513,1.356,-3.2739E-015,19.835,19.835,19.835,19.835
3.115E-016,0.41837,-5.1978E-016,6.5841E-015,-1.4737,0.0049494,1.3588,-3.2814E-015,19.881,19.881,19.881,19.881
3.142E-016,0.42054,-5.2054E-016,6.5929E-015,-1.4739,0.0049476,1.3616,-3.3013E-015,19.927,19.927,19.927,19.927
3.2127E-016,0.42269,-5.1829E-016,6.5891E-015,-1.4741,0.0049458,1.3643,-3.3117E-015,19.972,19.972,19.972,19.972
3.1726E-016,0.42481,-5.2238E-016,6.6113E-015,-1.4743,0.004944,1.367,-3.3396E-015,20.017,20.017,20.017,20.017
3.1255E-016,0.42692,-5.272E-016,6.64E-015,-1.4745,0.0049423,1.3696,-3.3719E-015,20.061,20.061,20.061,20.061
3.0945E-016,0.429,-5.2936E-016,6.6585E-015,-1.4746,0.0049405,1.3723,-3.3924E-015,20.105,20.105,20.105,20.105
3.092E-016,0.43106,-5.3127E-016,6.6782E-015,-1.4748,0.0049388,1.3749,-3.4196E-015,20.149,20.149,20.149,20.149
3.0532E-016,0.43309,-5.3525E-016,6.7063E-015,-1.475,0.0049371,1.3774,-3.4507E-015,20.191,20.191,20.191,20.191
3.1204E-016,0.43511,-5.2947E-016,6.6929E-015,-1.4751,0.0049355,1.3799,-3.4501E-015,20.234,20.234,20.234,20.234
3.1568E-016,0.4371,-5.2777E-016,6.6931E-015,-1.4753,0.0049338,1.3824,-3.4621E-015,20.276,20.276,20.276,20.276
3.1871E-016,0.43907,-5.2827E-016,6.6986E-015,-1.4754,0.0049322,1.3849,-3.4792E-015,20.317,20.317,20.317,20.317
3.2409E-016,0.44102,-5.2649E-016,6.6935E-015,-1.4756,0.0049307,1.3873,-3.4849E-015,20.358,20.358,20.358,20.358
3.2293E-016,0.44294,-5.2711E-016,6.7048E-015,-1.4757,0.0049291,1.3897,-3.5038E-015,20.399,20.399,20.399,20.399
3.2271E-016,0.44484,-5.2762E-016,6.7186E-015,-1.4759,0.0049276,1.3921,-3.5252E-015,20.439,20.439,20.439,20.439
3.2371E-016,0.44672,-5.2833E-016,6.7254E-015,-1.476,0.0049261,1.3944,-3.543E-015,20.478,20.478,20.478,20.478
3.2864E-016,0.44858,-5.2658E-016,6.7205E-015,-1.4761,0.0049246,1.3967,-3.5507E-015,20.517,20.517,20.517,20.517
3.348E-016,0.45041,-5.2383E-016,6.716E-015,-1.4762,0.0049231,1.399,-3.5614E-015,20.556,20.556,20.556,20.556
3.3643E-016,0.45222,-5.2425E-016,6.7221E-015,-1.4763,0.0049217,1.4012,-3.5797E-015,20.594,20.594,20.594,20.594
3.3681E-016,0.454,-5.2754E-016,6.7369E-015,-1.4764,0.0049203,1.4034,-3.6031E-015,20.632,20.632,20.632,20.632
3.3889E-016,0.45576,-5.2685E-016,6.7414E-015,-1.4765,0.0049189,1.4056,-3.6187E-015,20.669,20.669,20.669,20.669
3.3697E-016,0.4575,-5.2919E-016,6.7609E-015,-1.4766,0.0049175,1.4077,-3.6418E-015,20.705,20.705,20.705,20.705
3.4046E-016,0.45921,-5.2584E-016,6.7605E-015,-1.4767,0.0049162,1.4098,-3.6499E-015,20.741,20.741,20.741,20.741
3.3845E-016,0.4609,-5.2722E-016,6.775E-015,-1.4768,0.0049149,1.4119,-3.6727E-015,20.777,20.777,20.777,20.777
3.3872E-016,0.46256,-5.2885E-016,6.7906E-015,-1.4769,0.0049136,1.4139,-3.7006E-015,20.812,20.812,20.812,20.812
3.395E-016,0.4642,-5.2873E-016,6.7979E-015,-1.477,0.0049123,1.4159,-3.7197E-015,20.846,20.846,20.846,20.846
3.3802E-016,0.46581,-5.3128E-016,6.8182E-015,-1.4771,0.0049111,1.4179,-3.7459E-015,20.88,20.88,20.88,20.88
3.4063E-016,0.4674,-5.2963E-016,6.822E-015,-1.4771,0.0049099,1.4198,-3.76E-015,20.914,20.914,20.914,20.914
3.3974E-016,0.46896,-5.3202E-016,6.8399E-015,-1.4772,0.0049087,1.4218,-3.787E-015,20.947,20.947,20.947,20.947
3.4338E-016,0.4705,-5.3265E-016,6.8485E-015,-1.4773,0.0049075,1.4236,-3.8065E-015,20.979,20.979,20.979,20.979
3.4265E-016,0.47202,-5.3344E-016,6.8581E-015,-1.4773,0.0049063,1.4255,-3.8269E-015,21.011,21.011,21.011,21.011
3.4263E-016,0.4735,-5.362E-016,6.8739E-015,-1.4774,0.0049052,1.4273,-3.8491E-015,21.042,21.042,21.042,21.042
3.4516E-016,0.47497,-5.3656E-016,6.8843E-015,-1.4774,0.0049041,1.429,-3.871E-015,21.073,21.073,21.073,21.073
3.4434E-016,0.4764,-5.3811E-016,6.8998E-015,-1.4775,0.004903,1.4308,-3.8963E-015,21.103,21.103,21.103,21.103
3.418E-016,0.47782,-5.4066E-016,6.9224E-015,-1.4775,0.004902,1.4325,-3.9258E-015,21.133,21.133,21.133,21.133
3.4418E-016,0.4792,-5.421E-016,6.9343E-015,-1.4776,0.0049009,1.4341,-3.9516E-015,21.162,21.162,21.162,21.162
3.4324E-016,0.48056,-5.4426E-016,6.9543E-015,-1.4776,0.0048999,1.4358,-3.9796E-015,21.191,21.191,21.191,21.191
3.4617E-016,0.48189,-5.4409E-016,6.9615E-015,-1.4777,0.0048989,1.4374,-3.9999E-015,21.219,21.219,21.219,21.219
3.4475E-016,0.4832,-5.4587E-016,6.978E-015,-1.4777,0.0048979,1.439,-4.0241E-015,21.246,21.246,21.246,21.246
3.4647E-016,0.48448,-5.4596E-016,7.0124E-015,-1.4777,0.004897,1.4405,-4.0696E-015,21.273,21.273,21.273,21.273
3.4619E-016,0.48574,-5.4794E-016,7.0308E-015,-1.4778,0.0048961,1.442,-4.093E-015,21.3,21.3,21.3,21.3
3.5043E-016,0.48696,-5.4531E-016,7.0277E-015,-1.4778,0.0048952,1.4435,-4.1027E-015,21.326,21.326,21.326,21.326
3.487E-016,0.48816,-5.4764E-016,7.0499E-015,-1.4778,0.0048943,1.4449,-4.1322E-015,21.351,21.351,21.351,21.351
3.4828E-016,0.48934,-5.4845E-016,7.0647E-015,-1.4779,0.0048934,1.4463,-4.1565E-015,21.375,21.375,21.375,21.375
3.4953E-016,0.49048,-5.4912E-016,7.0754E-015,-1.4779,0.0048926,1.4477,-4.1795E-015,21.4,21.4,21.4,21.4
3.5009E-016,0.4916,-5.4993E-016,7.0883E-015,-1.4779,0.0048918,1.449,-4.2037E-015,21.423,21.423,21.423,21.423
3.4923E-016,0.49269,-5.5218E-016,7.1097E-015,-1.4779,0.004891,1.4503,-4.2304E-015,21.446,21.446,21.446,21.446
3.5283E-016,0.49376,-5.5114E-016,7.1125E-015,-1.4779,0.0048902,1.4516,-4.2439E-015,21.469,21.469,21.469,21.469
3.5389E-016,0.49479,-5.5086E-016,7.1202E-015,-1.478,0.0048894,1.4528,-4.2609E-015,21.49,21.49,21.49,21.49
3.5201E-016,0.4958,-5.5378E-016,7.1435E-015,-1.478,0.0048887,1.454,-4.2903E-015,21.512,21.512,21.512,21.512
3.4932E-016,0.49678,-5.5635E-016,7.1645E-015,-1.478,0.004888,1.4552,-4.3176E-015,21.532,21.532,21.532,21.532
3.5072E-016,0.49774,-5.5729E-016,7.1773E-015,-1.478,0.0048873,1.4563,-4.3402E-015,21.552,21.552,21.552,21.552
3.457E-016,0.49866,-5.6301E-016,7.2129E-015,-1.478,0.0048866,1.4574,-4.3785E-015,21.572,21.572,21.572,21.572
3.4235E-016,0.49956,-5.6699E-016,7.2427E-015,-1.478,0.004886,1.4585,-4.4154E-015,21.591,21.591,21.591,21.591
3.4049E-016,0.50042,-5.6904E-016,7.2644E-015,-1.478,0.0048854,1.4595,-4.4453E-015,21.609,21.609,21.609,21.609
3.3725E-016,0.50126,-5.73E-016,7.2934E-015,-1.478,0.0048848,1.4605,-4.4801E-015,21.627,21.627,21.627,21.627
3.3282E-016,0.50207,-5.7769E-016,7.3292E-015,-1.4781,0.0048842,1.4614,-4.5203E-015,21.644,21.644,21.644,21.644
3.3226E-016,0.50286,-5.7939E-016,7.3504E-015,-1.4781,0.0048836,1.4623,-4.5467E-015,21.66,21.66,21.66,21.66
3.3065E-016,0.50361,-5.8123E-016,7.3709E-015,-1.4781,0.0048831,1.4632,-4.5727E-015,21.676,21.676,21.676,21.676
3.273E-016,0.50433,-5.8516E-016,7.4019E-015,-1.4781,0.0048826,1.4641,-4.6064E-015,21.691,21.691,21.691,21.691
3.2794E-016,0.50503,-5.8574E-016,7.4175E-015,-1.4781,0.0048821,1.4649,-4.6288E-015,21.706,21.706,21.706,21.706
3.2588E-016,0.50569,-5.8905E-016,7.4463E-015,-1.4781,0.0048816,1.4657,-4.663E-015,21.72,21.72,21.72,21.72
3.1869E-016,0.50633,-5.9614E-016,7.4934E-015,-1.4781,0.0048812,1.4664,-4.7127E-015,21.733,21.733,21.733,21.733
3.177E-016,0.50693,-5.9824E-016,7.5178E-015,-1.4781,0.0048807,1.4671,-4.7443E-015,21.746,21.746,21.746,21.746
3.1374E-016,0.50751,-6.019E-016,7.5493E-015,-1.4781,0.0048803,1.4678,-4.7819E-015,21.758,21.758,21.758,21.758
3.0636E-016,0.50806,-6.097E-016,7.5988E-015,-1.4781,0.0048799,1.4685,-4.8326E-015,21.77,21.77,21.77,21.77
3.0035E-016,0.50857,-6.1577E-016,7.6436E-015,-1.4781,0.0048796,1.4691,-4.8795E-015,21.78,21.78,21.78,21.78
3.0096E-016,0.50906,-6.158E-016,7.6597E-015,-1.4781,0.0048792,1.4696,-4.9025E-015,21.791,21.791,21.791,21.791
2.9682E-016,0.50951,-6.1999E-016,7.695E-015,-1.4781,0.0048789,1.4702,-4.9401E-015,21.8,21.8,21.8,21.8
2.8619E-016,0.50994,-6.299E-016,7.7594E-015,-1.4781,0.0048786,1.4707,-5.0011E-015,21.809,21.809,21.809,21.809
2.6369E-016,0.51034,-6.5052E-016,7.8746E-015,-1.4781,0.0048783,1.4711,-5.1017E-015,21.818,21.818,21.818,21.818
2.5785E-016,0.5107,-6.5606E-016,7.9219E-015,-1.4781,0.0048781,1.4716,-5.1502E-015,21.825,21.825,21.825,21.825
2.4442E-016,0.51103,-6.684E-016,8.0016E-015,-1.4781,0.0048778,1.472,-5.2231E-015,21.832,21.832,21.832,21.832
2.3181E-016,0.51134,-6.7995E-016,8.0788E-015,-1.4781,0.0048776,1.4723,-5.2942E-015,21.839,21.839,21.839,21.839
2.1012E-016,0.51161,-6.9973E-016,8.196E-015,-1.4781,0.0048774,1.4726,-5.3955E-015,21.844,21.844,21.844,21.844
1.8367E-016,0.51185,-7.2426E-016,8.338E-015,-1.4781,0.0048773,1.4729,-5.5166E-015,21.849,21.849,21.849,21.849
1.65E-016,0.51206,-7.4142E-016,8.4478E-015,-1.4781,0.0048771,1.4732,-5.6132E-015,21.854,21.854,21.854,21.854
-1.2445E-017,0.51224,-9.0231E-016,9.2468E-015,-1.4781,0.004877,1.4734,-6.2388E-015,21.858,21.858,21.858,21.858
-2.9928E-018,0.51238,-8.9391E-016,9.2532E-015,-1.4781,0.0048769,1.4735,-6.2547E-015,21.861,21.861,21.861,21.861
1.6493E-017,0.5125,-8.7659E-016,9.2156E-015,-1.4781,0.0048768,1.4737,-6.2363E-015,21.863,21.863,21.863,21.863
3.1231E-017,0.51258,-8.6344E-016,9.1963E-015,-1.4781,0.0048767,1.4738,-6.2322E-015,21.865,21.865,21.865,21.865
4.2198E-017,0.51263,-8.5364E-016,9.1914E-015,-1.4781,0.0048767,1.4738,-6.239E-015,21.866,21.866,21.866,21.866
5.6481E-017,0.51265,-8.4084E-016,9.1711E-015,-1.4781,0.0048767,1.4738,-6.2341E-015,21.866,21.866,21.866,21.866
